Path;SteerAngle;Throttle;Brake;Speed;X_Position;Y_Position;Pitch;Yaw;Roll
/home/mario/Downloads/Vision_Project_Startup_Code/data/IMG/robocam_2022_12_03_21_19_22_187.jpg;0;0;1;0;99.66999;85.58897;0.0002361822;56.82556;-5.26248E-07
/home/mario/Downloads/Vision_Project_Startup_Code/data/IMG/robocam_2022_12_03_21_19_22_231.jpg;0;0;0;0;99.66999;85.58897;0.0002361822;56.82556;-5.26248E-07
/home/mario/Downloads/Vision_Project_Startup_Code/data/IMG/robocam_2022_12_03_21_19_22_275.jpg;0;0;0;0;99.66999;85.58897;0.0002361822;56.82556;-5.26248E-07
/home/mario/Downloads/Vision_Project_Startup_Code/data/IMG/robocam_2022_12_03_21_19_22_324.jpg;0;0;0;0;99.66999;85.58897;0.0002361822;56.82556;-5.26248E-07
/home/mario/Downloads/Vision_Project_Startup_Code/data/IMG/robocam_2022_12_03_21_19_22_370.jpg;0;0;0;0;99.66999;85.58897;0.0002361822;56.82556;-5.26248E-07
/home/mario/Downloads/Vision_Project_Startup_Code/data/IMG/robocam_2022_12_03_21_19_22_416.jpg;0;0;0;0;99.66999;85.58897;0.0002361822;56.82556;-5.26248E-07
/home/mario/Downloads/Vision_Project_Startup_Code/data/IMG/robocam_2022_12_03_21_19_22_467.jpg;0;0;0;0;99.66999;85.58897;0.0002361822;56.82556;-5.26248E-07
/home/mario/Downloads/Vision_Project_Startup_Code/data/IMG/robocam_2022_12_03_21_19_22_510.jpg;0;0;0;0;99.66999;85.58897;0.0002361822;56.82556;-5.26248E-07
/home/mario/Downloads/Vision_Project_Startup_Code/data/IMG/robocam_2022_12_03_21_19_22_549.jpg;0;0;0;0;99.66999;85.58897;0.0002361822;56.82556;-5.26248E-07
/home/mario/Downloads/Vision_Project_Startup_Code/data/IMG/robocam_2022_12_03_21_19_22_611.jpg;0;0;0;0;99.66999;85.58897;0.0002361822;56.82556;-5.26248E-07
/home/mario/Downloads/Vision_Project_Startup_Code/data/IMG/robocam_2022_12_03_21_19_22_657.jpg;0;0;0;0;99.66999;85.58897;0.0002361822;56.82556;-5.26248E-07
/home/mario/Downloads/Vision_Project_Startup_Code/data/IMG/robocam_2022_12_03_21_19_22_705.jpg;0;0.07969165;0;0;99.67045;85.58968;0.01938134;56.82556;-4.460634E-07
/home/mario/Downloads/Vision_Project_Startup_Code/data/IMG/robocam_2022_12_03_21_19_22_745.jpg;0;0.1961761;0;0;99.67049;85.58973;0.01968865;56.82376;-6.032278E-06
/home/mario/Downloads/Vision_Project_Startup_Code/data/IMG/robocam_2022_12_03_21_19_22_792.jpg;0;0.334116;0;0.01184984;99.67121;85.59082;0.04608235;56.84158;-7.954104E-07
/home/mario/Downloads/Vision_Project_Startup_Code/data/IMG/robocam_2022_12_03_21_19_22_843.jpg;0;0.4821417;0;0.04154251;99.67265;85.59303;0.1005557;56.73928;0.0001980458
/home/mario/Downloads/Vision_Project_Startup_Code/data/IMG/robocam_2022_12_03_21_19_22_890.jpg;0;0.6172256;0;0.05028934;99.67448;85.59582;0.1674542;56.71758;0.0003602974
/home/mario/Downloads/Vision_Project_Startup_Code/data/IMG/robocam_2022_12_03_21_19_22_933.jpg;0;0.7483742;0;0.07050848;99.67834;85.60171;0.3030916;56.70986;0.0003205764
/home/mario/Downloads/Vision_Project_Startup_Code/data/IMG/robocam_2022_12_03_21_19_22_988.jpg;0;0.9374671;0;0.09025509;99.68188;85.60711;0.4231431;56.70222;0.0004923473
/home/mario/Downloads/Vision_Project_Startup_Code/data/IMG/robocam_2022_12_03_21_19_23_031.jpg;0;1;0;0.1520918;99.68896;85.61776;0.6305479;56.8324;-0.001799984
/home/mario/Downloads/Vision_Project_Startup_Code/data/IMG/robocam_2022_12_03_21_19_23_072.jpg;0;1;0;0.18353;99.69443;85.62614;0.7754867;56.91491;-0.0008132805
/home/mario/Downloads/Vision_Project_Startup_Code/data/IMG/robocam_2022_12_03_21_19_23_113.jpg;0;1;0;0.2184947;99.70101;85.63625;0.942666;56.99451;-0.0006126654
/home/mario/Downloads/Vision_Project_Startup_Code/data/IMG/robocam_2022_12_03_21_19_23_153.jpg;0;1;0;0.2631957;99.70853;85.64772;1.119968;56.91185;0.0003133414
/home/mario/Downloads/Vision_Project_Startup_Code/data/IMG/robocam_2022_12_03_21_19_23_196.jpg;0;1;0;0.2911068;99.71658;85.65987;1.274095;56.81355;-0.0003516549
/home/mario/Downloads/Vision_Project_Startup_Code/data/IMG/robocam_2022_12_03_21_19_23_242.jpg;0;1;0;0.3228253;99.72404;85.67185;1.329029;56.57907;0.000291909
/home/mario/Downloads/Vision_Project_Startup_Code/data/IMG/robocam_2022_12_03_21_19_23_291.jpg;0;1;0;0.3345685;99.7347;85.68877;1.197274;56.56154;-0.002032185
/home/mario/Downloads/Vision_Project_Startup_Code/data/IMG/robocam_2022_12_03_21_19_23_350.jpg;0;1;0;0.4149151;99.74347;85.702;1.135046;56.5157;0.000408771
/home/mario/Downloads/Vision_Project_Startup_Code/data/IMG/robocam_2022_12_03_21_19_23_413.jpg;0;1;0;0.4765545;99.76467;85.73391;1.123088;56.63415;-0.0004641951
/home/mario/Downloads/Vision_Project_Startup_Code/data/IMG/robocam_2022_12_03_21_19_23_457.jpg;0;1;0;0.5058661;99.77637;85.7515;1.140211;56.61482;-0.0001518417
/home/mario/Downloads/Vision_Project_Startup_Code/data/IMG/robocam_2022_12_03_21_19_23_516.jpg;0;1;0;0.5595746;99.79545;85.78025;1.194399;56.53731;0.0001133364
/home/mario/Downloads/Vision_Project_Startup_Code/data/IMG/robocam_2022_12_03_21_19_23_582.jpg;0;1;0;0.6099245;99.81629;85.81157;1.244117;56.49945;-0.0001528081
/home/mario/Downloads/Vision_Project_Startup_Code/data/IMG/robocam_2022_12_03_21_19_23_639.jpg;-2.640688;1;0;0.6549002;99.8385;85.84404;1.225942;56.20868;0.0007896278
/home/mario/Downloads/Vision_Project_Startup_Code/data/IMG/robocam_2022_12_03_21_19_23_682.jpg;-4.930694;1;0;0.694205;99.85439;85.86633;1.193661;56.06523;-0.0002851422
/home/mario/Downloads/Vision_Project_Startup_Code/data/IMG/robocam_2022_12_03_21_19_23_723.jpg;-6.757289;1;0;0.7176721;99.87149;85.8896;1.176554;55.87038;0.0008637207
/home/mario/Downloads/Vision_Project_Startup_Code/data/IMG/robocam_2022_12_03_21_19_23_767.jpg;-8.676496;1;0;0.754168;99.89012;85.91425;1.18964;55.65654;-0.0009183247
/home/mario/Downloads/Vision_Project_Startup_Code/data/IMG/robocam_2022_12_03_21_19_23_827.jpg;-11.37307;1;0;0.8000821;99.92015;85.9522;1.201614;54.97113;-0.0009576642
/home/mario/Downloads/Vision_Project_Startup_Code/data/IMG/robocam_2022_12_03_21_19_23_870.jpg;-13.30893;1;0;0.8352276;99.94192;85.97829;1.206743;54.38876;-0.002994822
/home/mario/Downloads/Vision_Project_Startup_Code/data/IMG/robocam_2022_12_03_21_19_23_916.jpg;-15;1;0;0.8661981;99.97684;86.01791;1.193094;53.3866;359.9877
/home/mario/Downloads/Vision_Project_Startup_Code/data/IMG/robocam_2022_12_03_21_19_23_974.jpg;-15;1;0;0.9334948;100.0147;86.05907;1.188995;52.31096;359.9799
/home/mario/Downloads/Vision_Project_Startup_Code/data/IMG/robocam_2022_12_03_21_19_24_025.jpg;-15;1;0;0.9679103;100.0416;86.08739;1.194652;51.58523;359.9773
/home/mario/Downloads/Vision_Project_Startup_Code/data/IMG/robocam_2022_12_03_21_19_24_065.jpg;-15;1;0;0.9945604;100.0696;86.11609;1.198241;50.82924;359.9761
/home/mario/Downloads/Vision_Project_Startup_Code/data/IMG/robocam_2022_12_03_21_19_24_114.jpg;-15;1;0;1.022071;100.1139;86.16013;1.204721;49.72149;359.9758
/home/mario/Downloads/Vision_Project_Startup_Code/data/IMG/robocam_2022_12_03_21_19_24_160.jpg;-15;1;0;1.071546;100.145;86.19009;1.20597;48.97621;359.9774
/home/mario/Downloads/Vision_Project_Startup_Code/data/IMG/robocam_2022_12_03_21_19_24_223.jpg;-15;1;0;1.117171;100.1941;86.23589;1.206499;47.82409;359.981
/home/mario/Downloads/Vision_Project_Startup_Code/data/IMG/robocam_2022_12_03_21_19_24_267.jpg;-15;1;0;1.153802;100.2286;86.26713;1.212895;47.06757;359.9829
/home/mario/Downloads/Vision_Project_Startup_Code/data/IMG/robocam_2022_12_03_21_19_24_321.jpg;-15;1;0;1.192124;100.2826;86.31441;1.210906;45.86594;359.9836
/home/mario/Downloads/Vision_Project_Startup_Code/data/IMG/robocam_2022_12_03_21_19_24_372.jpg;-15;1;0;1.22422;100.3398;86.36242;1.215089;44.60299;359.9807
/home/mario/Downloads/Vision_Project_Startup_Code/data/IMG/robocam_2022_12_03_21_19_24_419.jpg;-13.6487;1;0;1.276872;100.3796;86.39518;1.22423;43.81236;359.9821
/home/mario/Downloads/Vision_Project_Startup_Code/data/IMG/robocam_2022_12_03_21_19_24_462.jpg;-15;1;0;1.306071;100.4207;86.42786;1.222549;42.97223;359.9785
/home/mario/Downloads/Vision_Project_Startup_Code/data/IMG/robocam_2022_12_03_21_19_24_512.jpg;-15;1;0;1.336408;100.4852;86.47702;1.222119;41.64231;359.9644
/home/mario/Downloads/Vision_Project_Startup_Code/data/IMG/robocam_2022_12_03_21_19_24_556.jpg;-15;1;0;1.379462;100.5299;86.50987;1.21777;40.72654;359.9559
/home/mario/Downloads/Vision_Project_Startup_Code/data/IMG/robocam_2022_12_03_21_19_24_600.jpg;-15;1;0;1.410261;100.5761;86.54267;1.209476;39.79342;359.9458
/home/mario/Downloads/Vision_Project_Startup_Code/data/IMG/robocam_2022_12_03_21_19_24_664.jpg;-15;1;0;1.456228;100.648;86.59169;1.187489;38.36617;359.9312
/home/mario/Downloads/Vision_Project_Startup_Code/data/IMG/robocam_2022_12_03_21_19_24_704.jpg;-13.90817;1;0;1.486125;100.6979;86.62433;1.17447;37.41755;359.917
/home/mario/Downloads/Vision_Project_Startup_Code/data/IMG/robocam_2022_12_03_21_19_24_751.jpg;-12.00363;1;0;1.517362;100.775;86.67412;1.16308;36.13681;359.9088
/home/mario/Downloads/Vision_Project_Startup_Code/data/IMG/robocam_2022_12_03_21_19_24_799.jpg;-10.0325;1;0;1.564255;100.828;86.70788;1.161334;35.38084;359.912
/home/mario/Downloads/Vision_Project_Startup_Code/data/IMG/robocam_2022_12_03_21_19_24_848.jpg;-8.030312;1;0;1.595733;100.8822;86.74239;1.166199;34.74289;359.9271
/home/mario/Downloads/Vision_Project_Startup_Code/data/IMG/robocam_2022_12_03_21_19_24_892.jpg;-5.838904;1;0;1.627039;100.9656;86.79572;1.192314;34.02028;359.9681
/home/mario/Downloads/Vision_Project_Startup_Code/data/IMG/robocam_2022_12_03_21_19_24_935.jpg;-3.714992;1;0;1.673632;101.0229;86.8323;1.232125;33.66355;-0.003683017
/home/mario/Downloads/Vision_Project_Startup_Code/data/IMG/robocam_2022_12_03_21_19_24_981.jpg;-5.570877;1;0;1.703594;101.0816;86.86895;1.277637;33.30419;0.001986424
/home/mario/Downloads/Vision_Project_Startup_Code/data/IMG/robocam_2022_12_03_21_19_25_022.jpg;-7.370156;1;0;1.732052;101.1417;86.90517;1.30584;32.82994;0.002592303
/home/mario/Downloads/Vision_Project_Startup_Code/data/IMG/robocam_2022_12_03_21_19_25_063.jpg;-9.387552;1;0;1.761567;101.2029;86.94074;1.305757;32.21835;0.003631829
/home/mario/Downloads/Vision_Project_Startup_Code/data/IMG/robocam_2022_12_03_21_19_25_107.jpg;-11.46436;1;0;1.791452;101.2656;86.9754;1.284972;31.46138;-0.003995918
/home/mario/Downloads/Vision_Project_Startup_Code/data/IMG/robocam_2022_12_03_21_19_25_155.jpg;-13.40169;1;0;1.819829;101.3627;87.02528;1.231144;30.06887;359.9462
/home/mario/Downloads/Vision_Project_Startup_Code/data/IMG/robocam_2022_12_03_21_19_25_199.jpg;-15;1;0;1.862031;101.4296;87.05717;1.187782;29.00031;359.8936
/home/mario/Downloads/Vision_Project_Startup_Code/data/IMG/robocam_2022_12_03_21_19_25_257.jpg;-15;1;0;1.903692;101.5324;87.10321;1.094521;27.29441;359.8131
/home/mario/Downloads/Vision_Project_Startup_Code/data/IMG/robocam_2022_12_03_21_19_25_305.jpg;-15;1;0;1.932344;101.6028;87.13268;1.01744;26.13515;359.7568
/home/mario/Downloads/Vision_Project_Startup_Code/data/IMG/robocam_2022_12_03_21_19_25_348.jpg;-15;1;0;1.961345;101.6749;87.161;0.941594;24.96682;359.686
/home/mario/Downloads/Vision_Project_Startup_Code/data/IMG/robocam_2022_12_03_21_19_25_397.jpg;-13.86231;1;0;2.002994;101.7856;87.2018;0.8173012;23.22198;359.5798
/home/mario/Downloads/Vision_Project_Startup_Code/data/IMG/robocam_2022_12_03_21_19_25_441.jpg;-11.79564;1;0;2.033471;101.8612;87.22847;0.7373552;22.17448;359.5184
/home/mario/Downloads/Vision_Project_Startup_Code/data/IMG/robocam_2022_12_03_21_19_25_488.jpg;-9.928093;1;0;2.063643;101.9383;87.255;0.6672745;21.26144;359.466
/home/mario/Downloads/Vision_Project_Startup_Code/data/IMG/robocam_2022_12_03_21_19_25_530.jpg;-7.798741;1;0;2.093625;102.0168;87.28168;0.6112068;20.50304;359.4264
/home/mario/Downloads/Vision_Project_Startup_Code/data/IMG/robocam_2022_12_03_21_19_25_570.jpg;-5.957662;1;0;2.12338;102.0968;87.30863;0.5698207;19.8929;359.4024
/home/mario/Downloads/Vision_Project_Startup_Code/data/IMG/robocam_2022_12_03_21_19_25_611.jpg;-4.265971;1;0;2.152869;102.2196;87.34975;0.5402955;19.22712;359.3936
/home/mario/Downloads/Vision_Project_Startup_Code/data/IMG/robocam_2022_12_03_21_19_25_653.jpg;-2.286158;1;0;2.182565;102.3032;87.37789;0.5468989;18.95179;359.4067
/home/mario/Downloads/Vision_Project_Startup_Code/data/IMG/robocam_2022_12_03_21_19_25_695.jpg;-0.5218327;1;0;2.211374;102.3882;87.40691;0.5792382;18.82514;359.4353
/home/mario/Downloads/Vision_Project_Startup_Code/data/IMG/robocam_2022_12_03_21_19_25_736.jpg;0;1;0;2.239723;102.4746;87.43666;0.6311224;18.79013;359.4787
/home/mario/Downloads/Vision_Project_Startup_Code/data/IMG/robocam_2022_12_03_21_19_25_779.jpg;0;1;0;2.282283;102.5622;87.46692;0.6987829;18.78715;359.533
/home/mario/Downloads/Vision_Project_Startup_Code/data/IMG/robocam_2022_12_03_21_19_25_838.jpg;0;0.8067636;0;2.321314;102.6959;87.51305;0.8197007;18.79765;359.6296
/home/mario/Downloads/Vision_Project_Startup_Code/data/IMG/robocam_2022_12_03_21_19_25_879.jpg;0;0.6965134;0;2.343237;102.7862;87.54414;0.9075575;18.80656;359.6978
/home/mario/Downloads/Vision_Project_Startup_Code/data/IMG/robocam_2022_12_03_21_19_25_923.jpg;0;0.5619845;0;2.360316;102.8769;87.57549;0.989031;18.81853;359.7732
/home/mario/Downloads/Vision_Project_Startup_Code/data/IMG/robocam_2022_12_03_21_19_25_982.jpg;0;0.3667841;0;2.378468;103.0136;87.62263;1.09755;18.83492;359.8832
/home/mario/Downloads/Vision_Project_Startup_Code/data/IMG/robocam_2022_12_03_21_19_26_024.jpg;0;0.2378228;0;2.385111;103.1048;87.6541;1.152717;18.84634;359.9543
/home/mario/Downloads/Vision_Project_Startup_Code/data/IMG/robocam_2022_12_03_21_19_26_068.jpg;0;0.1145885;0;2.387594;103.1957;87.6851;1.187169;18.84805;-0.0002518639
/home/mario/Downloads/Vision_Project_Startup_Code/data/IMG/robocam_2022_12_03_21_19_26_109.jpg;0;0;0;2.386104;103.2863;87.71542;1.191693;18.8354;0.01128287
/home/mario/Downloads/Vision_Project_Startup_Code/data/IMG/robocam_2022_12_03_21_19_26_151.jpg;0;0;0;2.381896;103.4211;87.76051;1.150026;18.81697;0.0239813
/home/mario/Downloads/Vision_Project_Startup_Code/data/IMG/robocam_2022_12_03_21_19_26_198.jpg;0;0.06434727;0;2.374695;103.5102;87.79037;1.095426;18.80547;0.03080738
/home/mario/Downloads/Vision_Project_Startup_Code/data/IMG/robocam_2022_12_03_21_19_26_247.jpg;0;0.2151783;0;2.372347;103.5991;87.82014;1.028048;18.7944;0.03681787
/home/mario/Downloads/Vision_Project_Startup_Code/data/IMG/robocam_2022_12_03_21_19_26_305.jpg;0;0.3936725;0;2.37809;103.7327;87.86488;0.9215082;18.77865;0.0442147
/home/mario/Downloads/Vision_Project_Startup_Code/data/IMG/robocam_2022_12_03_21_19_26_365.jpg;0;0.570837;0;2.392462;103.8673;87.90997;0.8270077;18.76391;0.04909112
/home/mario/Downloads/Vision_Project_Startup_Code/data/IMG/robocam_2022_12_03_21_19_26_430.jpg;0;0.7139103;0;2.406854;103.958;87.94036;0.7796937;18.75438;0.05022637
/home/mario/Downloads/Vision_Project_Startup_Code/data/IMG/robocam_2022_12_03_21_19_26_449.jpg;0;0.8517573;0;2.435893;104.0497;87.97109;0.7500887;18.74484;0.04892086
/home/mario/Downloads/Vision_Project_Startup_Code/data/IMG/robocam_2022_12_03_21_19_26_507.jpg;0;1;0;2.46039;104.1897;88.01796;0.7461212;18.73008;0.04086984
/home/mario/Downloads/Vision_Project_Startup_Code/data/IMG/robocam_2022_12_03_21_19_26_567.jpg;0;1;0;2.501829;104.3328;88.06586;0.7935138;18.71423;0.02375752
/home/mario/Downloads/Vision_Project_Startup_Code/data/IMG/robocam_2022_12_03_21_19_26_616.jpg;0;1;0;2.529583;104.4791;88.11478;0.8834955;18.6983;-0.0002737203
/home/mario/Downloads/Vision_Project_Startup_Code/data/IMG/robocam_2022_12_03_21_19_26_660.jpg;0;1;0;2.57125;104.5781;88.14821;0.9606588;18.69506;-0.001230728
/home/mario/Downloads/Vision_Project_Startup_Code/data/IMG/robocam_2022_12_03_21_19_26_706.jpg;0;1;0;2.599123;104.6783;88.182;1.048841;18.69154;-0.001133628
/home/mario/Downloads/Vision_Project_Startup_Code/data/IMG/robocam_2022_12_03_21_19_26_747.jpg;0;1;0;2.627004;104.7798;88.21613;1.145123;18.68634;-0.001044801
/home/mario/Downloads/Vision_Project_Startup_Code/data/IMG/robocam_2022_12_03_21_19_26_798.jpg;0;1;0;2.668804;104.9343;88.2679;1.298631;18.67489;-0.001008833
/home/mario/Downloads/Vision_Project_Startup_Code/data/IMG/robocam_2022_12_03_21_19_26_845.jpg;2.254504;1;0;2.696161;105.0382;88.30306;1.385925;18.74291;-0.002479337
/home/mario/Downloads/Vision_Project_Startup_Code/data/IMG/robocam_2022_12_03_21_19_26_905.jpg;4.739581;1;0;2.737581;105.1934;88.35754;1.390824;19.15279;-0.005588527
/home/mario/Downloads/Vision_Project_Startup_Code/data/IMG/robocam_2022_12_03_21_19_26_945.jpg;6.77835;1;0;2.769442;105.2969;88.39574;1.349189;19.63496;-0.001913143
/home/mario/Downloads/Vision_Project_Startup_Code/data/IMG/robocam_2022_12_03_21_19_26_987.jpg;8.574486;1;0;2.79693;105.4007;88.43623;1.303962;20.29748;0.02719413
/home/mario/Downloads/Vision_Project_Startup_Code/data/IMG/robocam_2022_12_03_21_19_27_029.jpg;8.822161;1;0;2.822621;105.5047;88.47899;1.256148;21.10791;0.08160321
/home/mario/Downloads/Vision_Project_Startup_Code/data/IMG/robocam_2022_12_03_21_19_27_084.jpg;6.106853;1;0;2.863501;105.6619;88.54514;1.178893;22.21602;0.1529813
/home/mario/Downloads/Vision_Project_Startup_Code/data/IMG/robocam_2022_12_03_21_19_27_126.jpg;4.056026;1;0;2.906032;105.7676;88.59053;1.127865;22.81062;0.1937048
/home/mario/Downloads/Vision_Project_Startup_Code/data/IMG/robocam_2022_12_03_21_19_27_174.jpg;2.141905;1;0;2.933917;105.9281;88.6599;1.058474;23.42175;0.2324463
/home/mario/Downloads/Vision_Project_Startup_Code/data/IMG/robocam_2022_12_03_21_19_27_234.jpg;0;1;0;2.975765;106.0914;88.73033;1.014559;23.6664;0.2419108
/home/mario/Downloads/Vision_Project_Startup_Code/data/IMG/robocam_2022_12_03_21_19_27_277.jpg;0;1;0;3.002544;106.2018;88.77801;1.009709;23.70261;0.2420806
/home/mario/Downloads/Vision_Project_Startup_Code/data/IMG/robocam_2022_12_03_21_19_27_317.jpg;0;1;0;3.029279;106.3135;88.82628;1.022077;23.70613;0.2370974
/home/mario/Downloads/Vision_Project_Startup_Code/data/IMG/robocam_2022_12_03_21_19_27_361.jpg;0;1;0;3.055981;106.4265;88.8751;1.049933;23.69662;0.2260595
/home/mario/Downloads/Vision_Project_Startup_Code/data/IMG/robocam_2022_12_03_21_19_27_421.jpg;0;1;0;3.095664;106.5979;88.949;1.102868;23.66876;0.1838349
/home/mario/Downloads/Vision_Project_Startup_Code/data/IMG/robocam_2022_12_03_21_19_27_461.jpg;0;1;0;3.122944;106.7137;88.99889;1.150061;23.64857;0.1471706
/home/mario/Downloads/Vision_Project_Startup_Code/data/IMG/robocam_2022_12_03_21_19_27_504.jpg;0;1;0;3.149687;106.8306;89.04929;1.206789;23.63004;0.1055689
/home/mario/Downloads/Vision_Project_Startup_Code/data/IMG/robocam_2022_12_03_21_19_27_546.jpg;0.8746576;1;0;3.175665;106.9485;89.10017;1.267374;23.62516;0.05787659
/home/mario/Downloads/Vision_Project_Startup_Code/data/IMG/robocam_2022_12_03_21_19_27_588.jpg;2.723483;1;0;3.202872;107.0671;89.15228;1.332269;23.73494;0.02294721
/home/mario/Downloads/Vision_Project_Startup_Code/data/IMG/robocam_2022_12_03_21_19_27_632.jpg;4.609484;1;0;3.22875;107.2454;89.23311;1.401013;24.20196;359.9938
/home/mario/Downloads/Vision_Project_Startup_Code/data/IMG/robocam_2022_12_03_21_19_27_681.jpg;6.785184;1;0;3.26822;107.3643;89.28896;1.415512;24.70186;359.9932
/home/mario/Downloads/Vision_Project_Startup_Code/data/IMG/robocam_2022_12_03_21_19_27_729.jpg;8.846998;1;0;3.294391;107.4826;89.34675;1.393201;25.40288;0.004272906
/home/mario/Downloads/Vision_Project_Startup_Code/data/IMG/robocam_2022_12_03_21_19_27_771.jpg;11.04003;1;0;3.320794;107.6003;89.40739;1.351097;26.31764;0.05314869
/home/mario/Downloads/Vision_Project_Startup_Code/data/IMG/robocam_2022_12_03_21_19_27_812.jpg;12.91266;1;0;3.344329;107.775;89.50328;1.22493;28.06584;0.1651046
/home/mario/Downloads/Vision_Project_Startup_Code/data/IMG/robocam_2022_12_03_21_19_27_853.jpg;14.77904;1;0;3.380053;107.8898;89.57092;1.099025;29.4273;0.2714001
/home/mario/Downloads/Vision_Project_Startup_Code/data/IMG/robocam_2022_12_03_21_19_27_894.jpg;15;1;0;3.402185;108.003;89.64172;0.9414002;30.90277;0.406893
/home/mario/Downloads/Vision_Project_Startup_Code/data/IMG/robocam_2022_12_03_21_19_27_938.jpg;15;0.8741708;0;3.424556;108.1146;89.71545;0.7548252;32.41883;0.5662509
/home/mario/Downloads/Vision_Project_Startup_Code/data/IMG/robocam_2022_12_03_21_19_27_979.jpg;15;0.7513928;0;3.443066;108.2244;89.79197;0.534779;33.94934;0.7454663
/home/mario/Downloads/Vision_Project_Startup_Code/data/IMG/robocam_2022_12_03_21_19_28_019.jpg;15;0.6096306;0;3.456976;108.332;89.8712;0.2811337;35.4742;0.9458158
/home/mario/Downloads/Vision_Project_Startup_Code/data/IMG/robocam_2022_12_03_21_19_28_072.jpg;15;0.4911549;0;3.466149;108.4901;89.99514;359.9055;37.66941;1.259391
/home/mario/Downloads/Vision_Project_Startup_Code/data/IMG/robocam_2022_12_03_21_19_28_115.jpg;15;0.3315098;0;3.470104;108.596;90.08043;359.7786;39.0297;1.363795
/home/mario/Downloads/Vision_Project_Startup_Code/data/IMG/robocam_2022_12_03_21_19_28_169.jpg;15;0.1690059;0;3.465875;108.7017;90.16798;359.7384;40.38106;1.381998
/home/mario/Downloads/Vision_Project_Startup_Code/data/IMG/robocam_2022_12_03_21_19_28_213.jpg;15;0.03850317;0;3.451195;108.8579;90.30428;359.7995;42.49626;1.283834
/home/mario/Downloads/Vision_Project_Startup_Code/data/IMG/robocam_2022_12_03_21_19_28_256.jpg;15;0;0;3.43668;108.959;90.39987;359.9318;43.84037;1.185988
/home/mario/Downloads/Vision_Project_Startup_Code/data/IMG/robocam_2022_12_03_21_19_28_301.jpg;15;0.06664252;0;3.419076;109.0554;90.49876;0.04328153;45.26308;1.130479
/home/mario/Downloads/Vision_Project_Startup_Code/data/IMG/robocam_2022_12_03_21_19_28_344.jpg;15;0.1854179;0;3.410892;109.147;90.59906;0.04191837;46.76322;1.112911
/home/mario/Downloads/Vision_Project_Startup_Code/data/IMG/robocam_2022_12_03_21_19_28_387.jpg;15;0.3313773;0;3.407099;109.2348;90.70137;359.9881;48.26012;1.134915
/home/mario/Downloads/Vision_Project_Startup_Code/data/IMG/robocam_2022_12_03_21_19_28_429.jpg;15;0.4420202;0;3.408463;109.3206;90.80627;359.9679;49.71143;1.170495
/home/mario/Downloads/Vision_Project_Startup_Code/data/IMG/robocam_2022_12_03_21_19_28_479.jpg;15;0.597672;0;3.413342;109.4457;90.96873;0.02233146;51.86453;1.213474
/home/mario/Downloads/Vision_Project_Startup_Code/data/IMG/robocam_2022_12_03_21_19_28_521.jpg;12.78311;0.7454646;0;3.421413;109.5272;91.07784;0.007955783;53.20393;1.164347
/home/mario/Downloads/Vision_Project_Startup_Code/data/IMG/robocam_2022_12_03_21_19_28_563.jpg;10.97119;0.8662591;0;3.43733;109.6068;91.18977;0.01276832;54.48079;1.102009
/home/mario/Downloads/Vision_Project_Startup_Code/data/IMG/robocam_2022_12_03_21_19_28_608.jpg;9.053875;0.9940803;0;3.458709;109.684;91.30463;0.02282009;55.59438;1.081528
/home/mario/Downloads/Vision_Project_Startup_Code/data/IMG/robocam_2022_12_03_21_19_28_656.jpg;7.094886;1;0;3.496413;109.7977;91.4808;0.0411456;56.97309;1.067683
/home/mario/Downloads/Vision_Project_Startup_Code/data/IMG/robocam_2022_12_03_21_19_28_705.jpg;4.893715;1;0;3.522748;109.8727;91.60035;0.05311249;57.70332;1.053723
/home/mario/Downloads/Vision_Project_Startup_Code/data/IMG/robocam_2022_12_03_21_19_28_756.jpg;2.852737;1;0;3.548729;109.9851;91.78234;0.07909095;58.44501;1.013792
/home/mario/Downloads/Vision_Project_Startup_Code/data/IMG/robocam_2022_12_03_21_19_28_807.jpg;0.3355265;1;0;3.587185;110.0604;91.90523;0.1068885;58.71931;0.9684353
/home/mario/Downloads/Vision_Project_Startup_Code/data/IMG/robocam_2022_12_03_21_19_28_872.jpg;0;1;0;3.625789;110.2127;92.15481;0.2154758;58.89106;0.8472985
/home/mario/Downloads/Vision_Project_Startup_Code/data/IMG/robocam_2022_12_03_21_19_28_913.jpg;0;1;0;3.650769;110.2897;92.28157;0.3016385;58.90959;0.7813467
/home/mario/Downloads/Vision_Project_Startup_Code/data/IMG/robocam_2022_12_03_21_19_28_953.jpg;0;1;0;3.675751;110.3672;92.40948;0.4055234;58.91312;0.7093655
/home/mario/Downloads/Vision_Project_Startup_Code/data/IMG/robocam_2022_12_03_21_19_28_996.jpg;0;1;0;3.700722;110.4454;92.5385;0.5244355;58.90893;0.6311271
/home/mario/Downloads/Vision_Project_Startup_Code/data/IMG/robocam_2022_12_03_21_19_29_038.jpg;-1.919743;1;0;3.725678;110.5249;92.66806;0.650764;58.8028;0.5278877
/home/mario/Downloads/Vision_Project_Startup_Code/data/IMG/robocam_2022_12_03_21_19_29_092.jpg;-4.797625;1;0;3.774692;110.6471;92.86321;0.863868;58.37353;0.3296291
/home/mario/Downloads/Vision_Project_Startup_Code/data/IMG/robocam_2022_12_03_21_19_29_139.jpg;-6.870371;1;0;3.798414;110.7313;92.99334;1.019162;57.86001;0.1595613
/home/mario/Downloads/Vision_Project_Startup_Code/data/IMG/robocam_2022_12_03_21_19_29_187.jpg;-8.781434;1;0;3.821229;110.8176;93.12315;1.176513;57.14737;359.9747
/home/mario/Downloads/Vision_Project_Startup_Code/data/IMG/robocam_2022_12_03_21_19_29_229.jpg;-9.027854;1;0;3.844079;110.9053;93.2522;1.291911;56.28543;359.8128
/home/mario/Downloads/Vision_Project_Startup_Code/data/IMG/robocam_2022_12_03_21_19_29_279.jpg;-6.854353;1;0;3.875558;111.0371;93.44431;1.318614;54.98545;359.6816
/home/mario/Downloads/Vision_Project_Startup_Code/data/IMG/robocam_2022_12_03_21_19_29_330.jpg;-4.605256;1;0;3.896396;111.1254;93.57121;1.232653;54.22957;359.6635
/home/mario/Downloads/Vision_Project_Startup_Code/data/IMG/robocam_2022_12_03_21_19_29_380.jpg;-2.353595;1;0;3.927572;111.2596;93.76049;0.9978057;53.33835;359.6997
/home/mario/Downloads/Vision_Project_Startup_Code/data/IMG/robocam_2022_12_03_21_19_29_429.jpg;-0.08297682;1;0;3.974095;111.3526;93.88701;0.872678;52.99041;359.6811
/home/mario/Downloads/Vision_Project_Startup_Code/data/IMG/robocam_2022_12_03_21_19_29_479.jpg;0;1;0;3.998434;111.4948;94.07809;0.7309589;52.80813;359.6341
/home/mario/Downloads/Vision_Project_Startup_Code/data/IMG/robocam_2022_12_03_21_19_29_540.jpg;-3.050101;1;0;4.046718;111.6404;94.27036;0.6404446;52.60304;359.5662
/home/mario/Downloads/Vision_Project_Startup_Code/data/IMG/robocam_2022_12_03_21_19_29_584.jpg;-5.099491;1;0;4.070405;111.7399;94.39871;0.6036572;52.30415;359.5015
/home/mario/Downloads/Vision_Project_Startup_Code/data/IMG/robocam_2022_12_03_21_19_29_627.jpg;-6.801578;1;0;4.093546;111.8415;94.52683;0.5814382;51.83407;359.4157
/home/mario/Downloads/Vision_Project_Startup_Code/data/IMG/robocam_2022_12_03_21_19_29_688.jpg;-9.666273;1;0;4.126801;111.9981;94.71771;0.5512151;50.78123;359.2538
/home/mario/Downloads/Vision_Project_Startup_Code/data/IMG/robocam_2022_12_03_21_19_29_728.jpg;-7.549431;1;0;4.157369;112.1039;94.84387;0.4765762;49.9373;359.1846
/home/mario/Downloads/Vision_Project_Startup_Code/data/IMG/robocam_2022_12_03_21_19_29_768.jpg;-5.716259;1;0;4.186456;112.2107;94.96924;0.3547955;49.11522;359.1517
/home/mario/Downloads/Vision_Project_Startup_Code/data/IMG/robocam_2022_12_03_21_19_29_809.jpg;-4.04357;1;0;4.198474;112.3202;95.09422;0.2453374;48.44658;359.0989
/home/mario/Downloads/Vision_Project_Startup_Code/data/IMG/robocam_2022_12_03_21_19_29_861.jpg;-1.917093;1;0;4.234159;112.4876;95.28176;0.105529;47.77541;359.0168
/home/mario/Downloads/Vision_Project_Startup_Code/data/IMG/robocam_2022_12_03_21_19_29_912.jpg;-4.214791;1;0;4.258193;112.6593;95.46932;0.008307831;47.23074;358.923
/home/mario/Downloads/Vision_Project_Startup_Code/data/IMG/robocam_2022_12_03_21_19_29_952.jpg;-6.010605;1;0;4.280171;112.7763;95.59433;359.9815;46.77836;358.8707
/home/mario/Downloads/Vision_Project_Startup_Code/data/IMG/robocam_2022_12_03_21_19_29_994.jpg;-7.814659;1;0;4.302148;112.8958;95.71942;0.009459252;46.20419;358.8365
/home/mario/Downloads/Vision_Project_Startup_Code/data/IMG/robocam_2022_12_03_21_19_30_049.jpg;-10.68062;1;0;4.342659;113.0165;95.84341;-0.0007036696;45.49586;358.8423
/home/mario/Downloads/Vision_Project_Startup_Code/data/IMG/robocam_2022_12_03_21_19_30_091.jpg;-10.39974;1;0;4.363374;113.2026;96.02708;0.006158776;44.13379;358.8826
/home/mario/Downloads/Vision_Project_Startup_Code/data/IMG/robocam_2022_12_03_21_19_30_137.jpg;-8.370327;1;0;4.386418;113.3301;96.14765;0.01165156;43.19025;358.9
/home/mario/Downloads/Vision_Project_Startup_Code/data/IMG/robocam_2022_12_03_21_19_30_179.jpg;-6.421198;1;0;4.409392;113.4598;96.26706;0.01055648;42.35651;358.909
/home/mario/Downloads/Vision_Project_Startup_Code/data/IMG/robocam_2022_12_03_21_19_30_224.jpg;-4.550722;1;0;4.432656;113.5915;96.38577;0.009824667;41.67571;358.9173
/home/mario/Downloads/Vision_Project_Startup_Code/data/IMG/robocam_2022_12_03_21_19_30_269.jpg;-2.583321;1;0;4.455945;113.7249;96.5042;0.01380512;41.17081;358.933
/home/mario/Downloads/Vision_Project_Startup_Code/data/IMG/robocam_2022_12_03_21_19_30_309.jpg;-0.430795;1;0;4.491416;113.8597;96.62268;0.02475415;40.83297;358.9604
/home/mario/Downloads/Vision_Project_Startup_Code/data/IMG/robocam_2022_12_03_21_19_30_355.jpg;0;1;0;4.514677;114.0644;96.80099;0.06143389;40.59596;359.016
/home/mario/Downloads/Vision_Project_Startup_Code/data/IMG/robocam_2022_12_03_21_19_30_399.jpg;0;1;0;4.53819;114.2026;96.92036;0.1104846;40.53352;359.0537
/home/mario/Downloads/Vision_Project_Startup_Code/data/IMG/robocam_2022_12_03_21_19_30_440.jpg;0;1;0;4.561112;114.3418;97.04032;0.1752846;40.50768;359.0993
/home/mario/Downloads/Vision_Project_Startup_Code/data/IMG/robocam_2022_12_03_21_19_30_486.jpg;0;1;0;4.584167;114.482;97.16093;0.2527104;40.49931;359.1562
/home/mario/Downloads/Vision_Project_Startup_Code/data/IMG/robocam_2022_12_03_21_19_30_534.jpg;0;1;0;4.61862;114.6941;97.34309;0.392404;40.5024;359.2587
/home/mario/Downloads/Vision_Project_Startup_Code/data/IMG/robocam_2022_12_03_21_19_30_577.jpg;0;1;0;4.629608;114.8365;97.46542;0.4996927;40.50928;359.3369
/home/mario/Downloads/Vision_Project_Startup_Code/data/IMG/robocam_2022_12_03_21_19_30_621.jpg;0;1;0;4.66445;114.9799;97.58846;0.6182876;40.52002;359.4199
/home/mario/Downloads/Vision_Project_Startup_Code/data/IMG/robocam_2022_12_03_21_19_30_676.jpg;0;1;0;4.698682;115.1963;97.77441;0.8125558;40.5431;359.5533
/home/mario/Downloads/Vision_Project_Startup_Code/data/IMG/robocam_2022_12_03_21_19_30_744.jpg;-1.745195;1;0;4.732364;115.4144;97.96169;1.012808;40.52662;359.6943
/home/mario/Downloads/Vision_Project_Startup_Code/data/IMG/robocam_2022_12_03_21_19_30_784.jpg;-3.803179;1;0;4.755622;115.5613;98.08654;1.142987;40.37923;359.7756
/home/mario/Downloads/Vision_Project_Startup_Code/data/IMG/robocam_2022_12_03_21_19_30_826.jpg;-5.564833;1;0;4.777983;115.7093;98.21094;1.257733;40.08091;359.8469
/home/mario/Downloads/Vision_Project_Startup_Code/data/IMG/robocam_2022_12_03_21_19_30_869.jpg;-7.567295;1;0;4.80077;115.8589;98.33446;1.354441;39.60881;359.8999
/home/mario/Downloads/Vision_Project_Startup_Code/data/IMG/robocam_2022_12_03_21_19_30_913.jpg;-5.614925;1;0;4.82364;116.0856;98.51863;1.457447;38.79724;359.9742
/home/mario/Downloads/Vision_Project_Startup_Code/data/IMG/robocam_2022_12_03_21_19_30_961.jpg;-3.452089;1;0;4.859012;116.2383;98.64062;1.501974;38.30859;-0.0003956465
/home/mario/Downloads/Vision_Project_Startup_Code/data/IMG/robocam_2022_12_03_21_19_31_003.jpg;-1.470741;1;0;4.882226;116.3921;98.76205;1.518381;37.9323;-0.002215253
/home/mario/Downloads/Vision_Project_Startup_Code/data/IMG/robocam_2022_12_03_21_19_31_052.jpg;0;1;0;4.907605;116.6242;98.94424;1.501389;37.63996;-0.004425508
/home/mario/Downloads/Vision_Project_Startup_Code/data/IMG/robocam_2022_12_03_21_19_31_096.jpg;0;1;0;4.942558;116.7802;99.06596;1.489898;37.56465;359.9943
/home/mario/Downloads/Vision_Project_Startup_Code/data/IMG/robocam_2022_12_03_21_19_31_144.jpg;0;1;0;4.965233;116.9371;99.18802;1.48312;37.53501;359.9936
/home/mario/Downloads/Vision_Project_Startup_Code/data/IMG/robocam_2022_12_03_21_19_31_187.jpg;0;1;0;4.987852;117.095;99.31052;1.480731;37.52873;359.9934
/home/mario/Downloads/Vision_Project_Startup_Code/data/IMG/robocam_2022_12_03_21_19_31_236.jpg;0;1;0;5.012108;117.3329;99.49478;1.484935;37.53899;359.9935
/home/mario/Downloads/Vision_Project_Startup_Code/data/IMG/robocam_2022_12_03_21_19_31_286.jpg;0;1;0;5.012307;117.4917;99.61759;1.493693;37.54937;359.9938
/home/mario/Downloads/Vision_Project_Startup_Code/data/IMG/robocam_2022_12_03_21_19_31_334.jpg;0;1;0;5.010826;117.7302;99.80179;1.514654;37.57646;359.9938
/home/mario/Downloads/Vision_Project_Startup_Code/data/IMG/robocam_2022_12_03_21_19_31_393.jpg;-0.9026062;1;0;5.005714;117.9678;99.98454;1.468586;37.53581;-0.003185195
/home/mario/Downloads/Vision_Project_Startup_Code/data/IMG/robocam_2022_12_03_21_19_31_448.jpg;-3.618493;1;0;5.010991;118.1272;100.1059;1.456353;37.39051;-0.002477224
/home/mario/Downloads/Vision_Project_Startup_Code/data/IMG/robocam_2022_12_03_21_19_31_489.jpg;-5.423845;1;0;5.00956;118.2874;100.2265;1.449235;37.1012;-0.001797181
/home/mario/Downloads/Vision_Project_Startup_Code/data/IMG/robocam_2022_12_03_21_19_31_529.jpg;-7.068962;1;0;5.006995;118.4485;100.346;1.4481;36.66295;-0.001692133
/home/mario/Downloads/Vision_Project_Startup_Code/data/IMG/robocam_2022_12_03_21_19_31_588.jpg;-6.363316;1;0;5.025902;118.6916;100.5226;1.444071;35.82846;359.9646
/home/mario/Downloads/Vision_Project_Startup_Code/data/IMG/robocam_2022_12_03_21_19_31_651.jpg;-3.835988;1;0;5.016641;118.9359;100.6974;1.419878;35.06204;359.9259
/home/mario/Downloads/Vision_Project_Startup_Code/data/IMG/robocam_2022_12_03_21_19_31_694.jpg;-1.762834;1;0;5.021369;119.1808;100.8704;1.363971;34.58236;359.8886
/home/mario/Downloads/Vision_Project_Startup_Code/data/IMG/robocam_2022_12_03_21_19_31_738.jpg;0;1;0;5.016417;119.3447;100.985;1.332634;34.42722;359.8518
/home/mario/Downloads/Vision_Project_Startup_Code/data/IMG/robocam_2022_12_03_21_19_31_802.jpg;0;1;0;5.022481;119.5896;101.1566;1.237715;34.41316;359.8542
/home/mario/Downloads/Vision_Project_Startup_Code/data/IMG/robocam_2022_12_03_21_19_31_845.jpg;0;1;0;5.015118;119.7538;101.2707;1.198003;34.40229;359.8467
/home/mario/Downloads/Vision_Project_Startup_Code/data/IMG/robocam_2022_12_03_21_19_31_908.jpg;0;1;0;5.018386;120.0003;101.4417;1.159781;34.43845;359.8385
/home/mario/Downloads/Vision_Project_Startup_Code/data/IMG/robocam_2022_12_03_21_19_31_950.jpg;0;1;0;5.027397;120.1647;101.5558;1.14745;34.49336;359.8395
/home/mario/Downloads/Vision_Project_Startup_Code/data/IMG/robocam_2022_12_03_21_19_31_992.jpg;0;1;0;5.012579;120.4119;101.7275;1.155402;34.53778;359.8587
/home/mario/Downloads/Vision_Project_Startup_Code/data/IMG/robocam_2022_12_03_21_19_32_053.jpg;-1.036931;1;0;5.000252;120.6597;101.8997;1.195658;34.53605;359.8925
/home/mario/Downloads/Vision_Project_Startup_Code/data/IMG/robocam_2022_12_03_21_19_32_095.jpg;-3.078586;1;0;4.984508;120.8245;102.0135;1.213718;34.5212;359.9088
/home/mario/Downloads/Vision_Project_Startup_Code/data/IMG/robocam_2022_12_03_21_19_32_139.jpg;-4.977493;1;0;5.014628;120.9906;102.127;1.250713;34.29921;359.9115
/home/mario/Downloads/Vision_Project_Startup_Code/data/IMG/robocam_2022_12_03_21_19_32_185.jpg;-6.909392;1;0;5.018391;121.1576;102.239;1.288183;33.9107;359.8908
/home/mario/Downloads/Vision_Project_Startup_Code/data/IMG/robocam_2022_12_03_21_19_32_237.jpg;-9.112998;1;0;5.025088;121.4096;102.4036;1.311948;33.02145;359.8183
/home/mario/Downloads/Vision_Project_Startup_Code/data/IMG/robocam_2022_12_03_21_19_32_287.jpg;-11.36583;1;0;5.010718;121.5786;102.5111;1.268696;32.09343;359.7882
/home/mario/Downloads/Vision_Project_Startup_Code/data/IMG/robocam_2022_12_03_21_19_32_331.jpg;-13.5801;1;0;5.008434;121.7478;102.6153;1.178735;30.89239;359.7563
/home/mario/Downloads/Vision_Project_Startup_Code/data/IMG/robocam_2022_12_03_21_19_32_391.jpg;-12.90277;1;0;5.006073;122.0919;102.8097;0.9009029;28.61813;359.4578
/home/mario/Downloads/Vision_Project_Startup_Code/data/IMG/robocam_2022_12_03_21_19_32_434.jpg;-11.09623;1;0;5.007143;122.2647;102.9033;0.6931289;27.43268;359.3337
/home/mario/Downloads/Vision_Project_Startup_Code/data/IMG/robocam_2022_12_03_21_19_32_477.jpg;-9.000453;1;0;5.013887;122.4389;102.9935;0.4589771;26.33894;359.1859
/home/mario/Downloads/Vision_Project_Startup_Code/data/IMG/robocam_2022_12_03_21_19_32_516.jpg;-6.838388;1;0;5.010356;122.6145;103.0805;0.222777;25.43803;359.006
/home/mario/Downloads/Vision_Project_Startup_Code/data/IMG/robocam_2022_12_03_21_19_32_560.jpg;-5.034335;1;0;5.010827;122.7911;103.1654;359.9842;24.7216;358.8247
/home/mario/Downloads/Vision_Project_Startup_Code/data/IMG/robocam_2022_12_03_21_19_32_603.jpg;-3.070711;1;0;5.009871;122.9695;103.2504;359.8431;24.22752;358.7214
/home/mario/Downloads/Vision_Project_Startup_Code/data/IMG/robocam_2022_12_03_21_19_32_647.jpg;-4.925115;1;0;5.010763;123.1502;103.336;359.8295;23.91211;358.7285
/home/mario/Downloads/Vision_Project_Startup_Code/data/IMG/robocam_2022_12_03_21_19_32_696.jpg;-6.897644;1;0;5.009461;123.4261;103.4629;0.006413067;23.38841;358.8496
/home/mario/Downloads/Vision_Project_Startup_Code/data/IMG/robocam_2022_12_03_21_19_32_738.jpg;-4.705378;1;0;5.008348;123.6111;103.5441;0.1057133;22.89004;358.9217
/home/mario/Downloads/Vision_Project_Startup_Code/data/IMG/robocam_2022_12_03_21_19_32_786.jpg;-2.788607;1;0;5.010101;123.7962;103.6235;0.1722391;22.4476;359.0027
/home/mario/Downloads/Vision_Project_Startup_Code/data/IMG/robocam_2022_12_03_21_19_32_835.jpg;-0.5713642;1;0;5.012706;124.0751;103.7402;0.2593366;22.02011;359.1191
/home/mario/Downloads/Vision_Project_Startup_Code/data/IMG/robocam_2022_12_03_21_19_32_879.jpg;0;1;0;5.004894;124.2617;103.8167;0.3323225;21.89045;359.1805
/home/mario/Downloads/Vision_Project_Startup_Code/data/IMG/robocam_2022_12_03_21_19_32_926.jpg;0;1;0;5.005951;124.4487;103.8928;0.4136291;21.82586;359.2422
/home/mario/Downloads/Vision_Project_Startup_Code/data/IMG/robocam_2022_12_03_21_19_32_982.jpg;-2.812403;1;0;5.016894;124.7297;104.0055;0.5393504;21.67197;359.333
/home/mario/Downloads/Vision_Project_Startup_Code/data/IMG/robocam_2022_12_03_21_19_33_027.jpg;-4.688726;1;0;5.016338;124.9178;104.0793;0.6325556;21.42857;359.3758
/home/mario/Downloads/Vision_Project_Startup_Code/data/IMG/robocam_2022_12_03_21_19_33_077.jpg;-6.792565;1;0;5.00717;125.2009;104.1873;0.7667971;20.79652;359.4129
/home/mario/Downloads/Vision_Project_Startup_Code/data/IMG/robocam_2022_12_03_21_19_33_126.jpg;-4.546838;1;0;5.004994;125.3895;104.2581;0.8188031;20.30945;359.4614
/home/mario/Downloads/Vision_Project_Startup_Code/data/IMG/robocam_2022_12_03_21_19_33_168.jpg;-2.465229;1;0;4.996428;125.5778;104.3277;0.8534222;19.92882;359.5046
/home/mario/Downloads/Vision_Project_Startup_Code/data/IMG/robocam_2022_12_03_21_19_33_210.jpg;-0.505929;1;0;4.99522;125.7667;104.3966;0.8938043;19.67112;359.5436
/home/mario/Downloads/Vision_Project_Startup_Code/data/IMG/robocam_2022_12_03_21_19_33_252.jpg;0;1;0;5.01795;126.0504;104.4995;0.9585068;19.50169;359.6076
/home/mario/Downloads/Vision_Project_Startup_Code/data/IMG/robocam_2022_12_03_21_19_33_312.jpg;0;1;0;4.988673;126.3346;104.6019;1.036374;19.48773;359.6713
/home/mario/Downloads/Vision_Project_Startup_Code/data/IMG/robocam_2022_12_03_21_19_33_359.jpg;-0.8140075;1;0;5.012323;126.5243;104.6698;1.097142;19.46589;359.7142
/home/mario/Downloads/Vision_Project_Startup_Code/data/IMG/robocam_2022_12_03_21_19_33_418.jpg;-3.765832;1;0;4.989041;126.8093;104.7703;1.187541;19.29973;359.7657
/home/mario/Downloads/Vision_Project_Startup_Code/data/IMG/robocam_2022_12_03_21_19_33_469.jpg;-5.894819;1;0;5.017238;126.9998;104.8359;1.248807;18.99976;359.7805
/home/mario/Downloads/Vision_Project_Startup_Code/data/IMG/robocam_2022_12_03_21_19_33_528.jpg;-8.749312;1;0;5.022533;127.2854;104.9312;1.273666;18.27642;359.8046
/home/mario/Downloads/Vision_Project_Startup_Code/data/IMG/robocam_2022_12_03_21_19_33_592.jpg;-8.098522;1;0;5.010698;127.6664;105.0506;1.197286;16.89635;359.7919
/home/mario/Downloads/Vision_Project_Startup_Code/data/IMG/robocam_2022_12_03_21_19_33_633.jpg;-6.085761;1;0;4.972709;127.8582;105.1073;1.169711;16.22477;359.7357
/home/mario/Downloads/Vision_Project_Startup_Code/data/IMG/robocam_2022_12_03_21_19_33_675.jpg;-4.303132;1;0;5.015505;128.0498;105.1631;1.123073;15.71465;359.6857
/home/mario/Downloads/Vision_Project_Startup_Code/data/IMG/robocam_2022_12_03_21_19_33_717.jpg;-2.321516;1;0;5.009808;128.2414;105.2186;1.038825;15.21428;359.6882
/home/mario/Downloads/Vision_Project_Startup_Code/data/IMG/robocam_2022_12_03_21_19_33_758.jpg;-4.270248;1;0;4.964476;128.432;105.2712;0.9409863;15.02984;359.6356
/home/mario/Downloads/Vision_Project_Startup_Code/data/IMG/robocam_2022_12_03_21_19_33_799.jpg;-6.012107;1;0;5.01564;128.6247;105.3221;0.8818691;14.61323;359.5506
/home/mario/Downloads/Vision_Project_Startup_Code/data/IMG/robocam_2022_12_03_21_19_33_843.jpg;-8.007317;1;0;5.020834;128.8181;105.3711;0.8291843;14.04307;359.4524
/home/mario/Downloads/Vision_Project_Startup_Code/data/IMG/robocam_2022_12_03_21_19_33_893.jpg;-10.1954;1;0;5.010279;129.1078;105.4404;0.6759554;12.86417;359.3239
/home/mario/Downloads/Vision_Project_Startup_Code/data/IMG/robocam_2022_12_03_21_19_33_938.jpg;-7.974562;1;0;5.00911;129.3005;105.4838;0.5185392;12.01387;359.2614
/home/mario/Downloads/Vision_Project_Startup_Code/data/IMG/robocam_2022_12_03_21_19_33_984.jpg;-6.19027;1;0;5.011212;129.4939;105.5244;0.3672749;11.27901;359.1633
/home/mario/Downloads/Vision_Project_Startup_Code/data/IMG/robocam_2022_12_03_21_19_34_025.jpg;-4.132147;1;0;5.011322;129.6879;105.5631;0.226324;10.69102;359.0522
/home/mario/Downloads/Vision_Project_Startup_Code/data/IMG/robocam_2022_12_03_21_19_34_068.jpg;-1.938347;1;0;5.01098;129.8823;105.6005;0.09225738;10.24789;358.9482
/home/mario/Downloads/Vision_Project_Startup_Code/data/IMG/robocam_2022_12_03_21_19_34_108.jpg;-0.1770043;1;0;5.012025;130.077;105.6372;359.9661;9.967865;358.8687
/home/mario/Downloads/Vision_Project_Startup_Code/data/IMG/robocam_2022_12_03_21_19_34_173.jpg;0;1;0;5.006986;130.4707;105.7113;359.9564;9.817352;358.8987
/home/mario/Downloads/Vision_Project_Startup_Code/data/IMG/robocam_2022_12_03_21_19_34_216.jpg;0;1;0;5.007582;130.6693;105.7477;0.03547899;9.797264;358.9585
/home/mario/Downloads/Vision_Project_Startup_Code/data/IMG/robocam_2022_12_03_21_19_34_256.jpg;0;1;0;5.011607;130.8676;105.7834;0.09476382;9.795509;359.0241
/home/mario/Downloads/Vision_Project_Startup_Code/data/IMG/robocam_2022_12_03_21_19_34_299.jpg;0;1;0;5.011819;131.0666;105.8186;0.1774647;9.791306;359.0905
